Store,Product Details
PetSuppliesPlus,Title: ORIJEN® Dry Cat Food for Cats & Kittens,Premium,High Protein,Fresh & Raw Animal Ingredients,12 Pounds | Price: $69.98
PetSuppliesPlus,Title: ORIJEN® Guardian 8 Dry Cat Food,4 Pounds | Price: $31.98
PetSuppliesPlus,Title: ORIJEN Original Entrée in Bone Broth Cat Food,3 Ounces | Price: $2.28
PetSuppliesPlus,Title: ORIJEN® Dry Cat Food for Cats & Kittens,Premium,High Protein,Fresh & Raw Animal Ingredients,4 Pounds | Price: $28.98
PetSuppliesPlus,Title: ORIJEN® Dry Cat Food,Grain Free,Premium,High Protein,Fresh & Raw Animal Ingredients,Six Fish,12 Pounds | Price: $71.98
PetSuppliesPlus,Title: ORIJEN Regional Red Entrée in Bone Broth Cat Food,3 Ounces | Price: $2.28
PetSuppliesPlus,Title: ORIJEN Duck and Chicken Entrée in Bone Broth Cat Food,3 Ounces | Price: $2.28
PetSuppliesPlus,Title: ORIJEN Original Dry Cat Food,7 Pounds | Price: $45.98
PetSuppliesPlus,Title: ORIJEN Kitten Dry Cat Food,7 Pounds | Price: $48.98
PetSuppliesPlus,Title: ORIJEN Tuna,Salmon and Beef Entrée in Bone Broth Cat Food,3 Ounces | Price: $2.28
PetSuppliesPlus,Title: ORIJEN Chicken and Salmon Entrée in Bone Broth Cat Food - Kitten Recipe,3 Ounces | Price: $2.28
PetSuppliesPlus,Title: ORIJEN® Dry Cat Food,Grain Free,Premium,High Protein,Fresh & Raw Animal Ingredients,Six Fish,4 Pounds | Price: $31.98
PetSuppliesPlus,Title: ORIJEN Premium Pate Cat Food Variety 12 Pack: Original Recipe (6) + Duck & Chicken Recipe (6),3 Ounces | Price: $28.56
Amazon,Title: ORIJEN Original Cat,Grain Free Dry Cat Food for All Life Stages,With WholePrey Ingredients,4lb ORIJEN Fit and Trim Dry Cat Food,Grain Free Cat Food for Adult Cats,With WholePrey Ingredients,4lb ORIJEN GUARDIAN 8 Dry Cat Food,Grain Free Cat Food for Adult Cats,With Chicken,Salmon and Rabbit,4lb ORIJEN Dry Kitten Food,Grain Free Food for Kittens,With WholePrey Ingredients,4lb | Price: 30333331.99999999
Amazon,Title: ORIJEN Original Cat,Grain Free Dry Cat Food for All Life Stages,With WholePrey Ingredients,4lb | Price: 30.99
Amazon,Title: ORIJEN Fit and Trim Dry Cat Food,Grain Free Cat Food for Adult Cats,With WholePrey Ingredients,4lb | Price: 33.99
Amazon,Title: ORIJEN GUARDIAN 8 Dry Cat Food,Grain Free Cat Food for Adult Cats,With Chicken,Salmon and Rabbit,4lb | Price: 33.99
Amazon,Title: Orijen Whole Prey Pate Grain Free Premium Cat Food 3 Flavor 6 Can Sampler Variety - (2) Each: Duck Chicken,Original,Tuna Salmon Beef (3 Ounces) - Plus Catnip Toy and Fun Facts Booklet Bundle | Price: 32.95
Amazon,Title: Orijen Tundra Dry Cat Food Biologically Appropriate 4 Lb. Bag. | Price: 46.99
Amazon,Title: Orijen Fit & Trim Formula Dry Cat Food 12 Lb Bag | Price: 77.99
Petco,Title: ORIJEN Grain Free Six Fish Premium High Protein Fresh & Raw Animal Ingredients Dry Cat Food | Price: $33.99 – $76.99
Petco,Title: ORIJEN Grain Free Six Fish Premium High Protein Fresh & Raw Animal Ingredients Dry Cat Food | Price: $33.99 – $76.99
Petco,Title: ORIJEN Grain Free Regional Red Premium High Protein Fresh & Raw Animal Ingredients Dry Cat Food | Price: $38.99 – $79.99
Petco,Title: ORIJEN Grain Free Regional Red Premium High Protein Fresh & Raw Animal Ingredients Dry Cat Food | Price: $38.99 – $79.99
Petco,Title: ORIJEN Grain Free Fit & Trim Support Healthy Weight Fresh & Raw Animal Ingredients Dry Cat Food | Price: $33.99 – $77.99
Petco,Title: ORIJEN Grain Free Fit & Trim Support Healthy Weight Fresh & Raw Animal Ingredients Dry Cat Food | Price: $33.99 – $77.99
Petco,Title: ORIJEN Grain Free Guardian 8 Dry Adult Cat Food | Price: $33.99 – $67.99
Petco,Title: ORIJEN Grain Free Guardian 8 Dry Adult Cat Food | Price: $33.99 – $67.99
Petco,Title: ORIJEN Original Entree in Bone Broth Wet Cat Food | Price: $2.39 – $57.36
Petco,Title: ORIJEN Original Entree in Bone Broth Wet Cat Food | Price: $2.39 – $57.36
Petco,Title: ORIJEN Chicken + Salmon Entree in Bone Broth Kitten Recipe Wet Cat Food | Price: $2.39 – $57.36
Petco,Title: ORIJEN Chicken + Salmon Entree in Bone Broth Kitten Recipe Wet Cat Food | Price: $2.39 – $57.36
Petco,Title: ORIJEN Regional Red Entree in Bone Broth Wet Cat Food | Price: $2.39 – $57.36
Petco,Title: ORIJEN Regional Red Entree in Bone Broth Wet Cat Food | Price: $2.39 – $57.36
Petco,Title: ORIJEN Tuna,Salmon + Beef Entree in Bone Broth Wet Cat Food | Price: $2.39 – $57.36
Petco,Title: ORIJEN Tuna,Salmon + Beef Entree in Bone Broth Wet Cat Food | Price: $2.39 – $57.36
Petco,Title: ORIJEN Duck + Chicken Entree in Bone Broth Wet Cat Food | Price: $2.39 – $57.36
Petco,Title: ORIJEN Duck + Chicken Entree in Bone Broth Wet Cat Food | Price: $2.39 – $57.36
Petco,Title: ORIJEN Grain Free Tundra Premium High Protein Fresh & Raw Animal Ingredients Dry Cat Food | Price: $46.99
Petco,Title: ORIJEN Grain Free Tundra Premium High Protein Fresh & Raw Animal Ingredients Dry Cat Food | Price: $46.99
Petco,Title: ORIJEN Grain Free Premium High Protein Fresh & Raw Animal Ingredients Guardian Senior Dry Cat Food | Price: $32.99 – $67.99
Petco,Title: ORIJEN Grain Free Premium High Protein Fresh & Raw Animal Ingredients Guardian Senior Dry Cat Food | Price: $32.99 – $67.99
Petco,Title: ORIJEN Premium Pate Original Entree + Duck & Chicken Recipe Variety Pack Wet Cat Food | Price: $27.99
Petco,Title: ORIJEN Premium Pate Original Entree + Duck & Chicken Recipe Variety Pack Wet Cat Food | Price: $27.99
Petco,Title: ORIJEN Kitten Chicken & Turkey and Wild-Caught Salmon & Herring Dry Cat Food | Price: $49.99
Petco,Title: ORIJEN Kitten Chicken & Turkey and Wild-Caught Salmon & Herring Dry Cat Food | Price: $49.99
Petco,Title: ORIJEN Original Chicken & Turkey and Wild-Caught Fish Dry Cat Food | Price: $48.99
Petco,Title: ORIJEN Original Chicken & Turkey and Wild-Caught Fish Dry Cat Food | Price: $48.99
Petco,Title: ORIJEN Six Fish Recipe Made with Wild-Caught whole Herring,Salmon,Flounder,Acadian RedFish Dry Cat Food | Price: $51.99
Petco,Title: ORIJEN Six Fish Recipe Made with Wild-Caught whole Herring,Salmon,Flounder,Acadian RedFish Dry Cat Food | Price: $51.99
Petco,Title: ORIJEN Fit & Trim Weight Management Dry Cat Food | Price: $51.99
Petco,Title: ORIJEN Fit & Trim Weight Management Dry Cat Food | Price: $51.99
